nces_leaid,district_name,state,enrollment,school_year,spring_break_start,spring_break_end,winter_break_start,winter_break_end,summer_start,summer_end,first_day,last_day,source,confidence
1200030,Alachua County Public Schools,FL,28964,2023-2024,2024-03-11,2024-03-15,2023-12-22,2024-01-05,2024-05-31,2023-08-10,2023-08-10,2024-05-31,wayback:20241007060432,confirmed
,andrews-independent-school-district,,,2024-2025,2025-03-10,2025-03-14,2024-12-23,2025-01-07,2025-05-23,2024-08-15,2024-08-15,2025-05-23,schoolcalendarinfo.com:current,confirmed
,ann-arbor-schools,,,2024-2025,2025-03-24,2025-03-28,2024-12-23,2025-01-03,2025-06-11,2024-08-26,2024-08-26,2025-06-11,schoolcalendarinfo.com:current,confirmed
,auburn-city-schools,,,2024-2025,2025-03-10,2025-03-14,2024-12-20,2025-01-06,2025-05-22,2024-08-08,2024-08-08,2025-05-22,schoolcalendarinfo.com:current,confirmed
,carteret-county-schools,,,2024-2025,2025-04-21,2025-04-25,2024-12-23,2025-01-03,2025-06-05,2024-08-26,2024-08-26,2025-06-05,schoolcalendarinfo.com:current,confirmed
,cheshire-public-schools,,,2024-2025,2025-04-14,2025-04-18,2024-12-23,2025-01-01,2025-06-10,2024-08-29,2024-08-29,2025-06-10,schoolcalendarinfo.com:current,confirmed
,cocke-county-school,,,2024-2025,2025-03-24,2025-03-28,2024-12-23,2025-01-03,2025-05-21,2024-08-02,2024-08-02,2025-05-21,schoolcalendarinfo.com:current,confirmed
,crown-point-schools,,,2024-2025,2025-03-24,2025-03-28,2024-12-23,2025-01-06,2025-06-02,2024-08-14,2024-08-14,2025-06-02,schoolcalendarinfo.com:current,confirmed
,cullman-county-schools,,,2024-2025,2025-03-24,2025-03-28,2024-12-23,2025-01-06,2025-05-22,2024-08-08,2024-08-08,2025-05-22,schoolcalendarinfo.com:current,confirmed
,dalton-public-schools,,,2024-2025,2025-03-31,2025-04-04,2024-12-23,2025-01-03,2025-05-23,2024-08-08,2024-08-08,2025-05-23,schoolcalendarinfo.com:current,confirmed
,darien-public-schools,,,2024-2025,2025-04-14,2025-04-18,2024-12-23,2025-01-01,2025-06-16,2024-08-28,2024-08-28,2025-06-16,schoolcalendarinfo.com:current,confirmed
,dawson-county-schools,,,2024-2025,2025-03-31,2025-04-04,2024-12-23,2025-01-03,2025-05-21,2024-08-02,2024-08-02,2025-05-21,schoolcalendarinfo.com:current,confirmed
,dickson-county-schools,,,2024-2025,2025-03-17,2025-03-21,2024-12-23,2025-01-06,2025-05-23,2024-08-01,2024-08-01,2025-05-23,schoolcalendarinfo.com:current,confirmed
,edison-township-public-schools,,,2024-2025,2025-04-14,2025-04-18,2024-12-24,2025-01-01,2025-06-25,2024-09-05,2024-09-05,2025-06-25,schoolcalendarinfo.com:current,confirmed
,fair-lawn-public-schools,,,2024-2025,2025-04-14,2025-04-18,2024-12-23,2025-01-01,2025-06-24,2024-09-04,2024-09-04,2025-06-24,schoolcalendarinfo.com:current,confirmed
,farmington-public-schools,,,2024-2025,2025-03-24,2025-03-28,2024-12-23,2025-01-03,2025-06-12,2024-08-26,2024-08-26,2025-06-12,schoolcalendarinfo.com:current,confirmed
,findlay-city-schools,,,2024-2025,2025-03-20,2025-03-24,2024-12-23,2025-01-03,2025-05-22,2024-08-15,2024-08-15,2025-05-22,schoolcalendarinfo.com:current,confirmed
,florence-city-schools,,,2024-2025,2025-03-21,2025-03-28,2024-12-16,2025-01-03,2025-05-22,2024-08-05,2024-08-05,2025-05-22,schoolcalendarinfo.com:current,confirmed
,gahanna-jefferson-public-schools,,,2024-2025,2025-03-31,2025-04-04,2024-12-23,2025-01-03,2025-05-23,2024-08-15,2024-08-15,2025-05-23,schoolcalendarinfo.com:current,confirmed
,gainesville-city-schools,,,2024-2025,2025-04-07,2025-04-11,2024-12-23,2025-01-06,2025-05-21,2024-08-06,2024-08-06,2025-05-21,schoolcalendarinfo.com:current,confirmed
,grand-forks-public-schools,,,2024-2025,2025-03-10,2025-03-14,2024-12-23,2025-01-01,2025-05-29,2024-08-27,2024-08-27,2025-05-29,schoolcalendarinfo.com:current,confirmed
,greater-clark-county-schools,,,2024-2025,2025-03-17,2025-03-21,2024-12-23,2025-01-03,2025-05-22,2024-08-01,2024-08-01,2025-05-22,schoolcalendarinfo.com:current,confirmed
,gretna-public-schools,,,2024-2025,2025-03-17,2025-03-21,2024-12-23,2025-01-03,2025-05-23,2024-08-14,2024-08-14,2025-05-23,schoolcalendarinfo.com:current,confirmed
,harford-county-public-schools,,,2024-2025,2025-04-17,2025-04-22,2024-12-23,2025-01-01,2025-06-12,2024-09-03,2024-09-03,2025-06-12,schoolcalendarinfo.com:current,confirmed
,humble-independent-school-district,,,2024-2025,2026-03-16,2026-03-23,2025-12-22,2026-01-05,2026-05-29,2025-08-13,2025-08-13,2026-05-29,schoolcalendarinfo.com (current page),confirmed
,huron-valley-schools,,,2024-2025,2025-03-24,2025-03-28,2024-12-23,2025-01-03,2025-06-12,2024-09-03,2024-09-03,2025-06-12,schoolcalendarinfo.com:current,confirmed
,lamar-consolidated-isd,,,2024-2025,2025-03-10,2025-03-14,2024-12-20,2025-01-07,2025-05-22,2024-08-12,2024-08-12,2025-05-22,schoolcalendarinfo.com:current,confirmed
,los-angeles-unified-school-district,,,2024-2025,2025-04-14,2025-04-18,2024-12-16,2025-01-03,2025-06-10,2024-08-12,2024-08-12,2025-06-10,schoolcalendarinfo.com:current,confirmed
,montclair-public-schools,,,2024-2025,2025-04-14,2025-04-18,2024-12-24,2025-01-01,2025-06-26,2024-09-05,2024-09-05,2025-06-26,schoolcalendarinfo.com:current,confirmed
,new-bedford-public-schools,,,2024-2025,,,,,2025-06-10,2024-08-29,2024-08-29,2025-06-10,schoolcalendarinfo.com (current page),confirmed
,ohio-county-schools,,,2024-2025,2025-03-31,2025-04-04,2024-12-23,2025-01-03,2025-05-14,2024-08-07,2024-08-07,2025-05-14,schoolcalendarinfo.com:current,confirmed
,shelby-county-schools,,,2024-2025,2025-03-10,2025-03-14,2024-12-23,2025-01-03,2025-05-23,2024-08-05,2024-08-05,2025-05-23,schoolcalendarinfo.com:current,confirmed
,st-lucie-public-schools,,,2024-2025,2025-03-17,2025-03-24,2024-12-23,2025-01-03,2025-06-02,2024-08-12,2024-08-12,2025-06-02,schoolcalendarinfo.com:current,confirmed
,ventura-unified-school-district,,,2024-2025,2025-03-24,2025-03-28,2024-12-23,2025-01-06,2025-06-05,2024-08-14,2024-08-14,2025-06-05,schoolcalendarinfo.com:current,confirmed
0200180,Anchorage School District,AK,43727,2024-2025,2025-03-10,2025-03-14,2024-12-23,2025-01-03,2025-05-21,2024-08-15,2024-08-15,2025-05-21,schoolcalendarinfo.com:current,confirmed
0100240,Autauga County Schools,AL,9202,2024-2025,2025-03-24,2025-03-28,2024-12-19,2025-01-03,2025-05-23,2024-08-07,2024-08-07,2025-05-23,schoolcalendarinfo.com:current,confirmed
0100270,Baldwin County Public Schools,AL,31517,2024-2025,2025-04-14,2025-04-21,2024-12-23,2025-01-07,2025-05-22,2024-08-08,2024-08-08,2025-05-22,schoolcalendarinfo.com:current,confirmed
0100390,Birmingham City Schools,AL,21130,2024-2025,2025-03-24,2025-03-28,2024-12-19,2025-01-03,2025-06-04,2024-08-05,2024-08-05,2025-06-04,schoolcalendarinfo.com:current,confirmed
0100630,Cherokee County School District,AL,3886,2024-2025,2025-03-31,2025-04-04,2024-12-23,2025-01-03,2025-05-23,2024-08-01,2024-08-01,2025-05-23,schoolcalendarinfo.com:current,confirmed
0101230,Dothan City Schools,AL,8021,2024-2025,2025-03-24,2025-03-28,2024-12-23,2025-01-06,2025-05-22,2024-08-06,2024-08-06,2025-05-22,schoolcalendarinfo.com:current,confirmed
0102520,Gulf Shores City Schools,AL,2896,2024-2025,2025-04-14,2025-04-18,2024-12-23,2025-01-06,2025-05-23,2024-08-08,2024-08-08,2025-05-23,schoolcalendarinfo.com:current,confirmed
0102850,Roanoke City Schools,AL,1447,2024-2025,2025-03-24,2025-03-28,2024-12-23,2025-01-03,2025-06-05,2024-08-20,2024-08-20,2025-06-05,schoolcalendarinfo.com:current,confirmed
0100013,Trussville City Schools,AL,5065,2024-2025,2025-03-24,2025-03-28,2024-12-23,2025-01-06,2025-05-22,2024-08-07,2024-08-07,2025-05-22,schoolcalendarinfo.com:current,confirmed
0506330,Fort Smith Public Schools,AR,14291,2024-2025,2025-03-24,2025-03-28,2024-12-23,2025-01-06,2025-05-23,2024-08-19,2024-08-19,2025-05-23,schoolcalendarinfo.com:current,confirmed
0510950,Osceola County School District,AR,983,2024-2025,2025-03-17,2025-03-24,2024-12-23,2025-01-06,2025-05-30,2024-08-12,2024-08-12,2025-05-30,schoolcalendarinfo.com:current,confirmed
0400680,Amphi School District,AZ,12042,2024-2025,2025-03-17,2025-03-21,2024-12-23,2025-01-03,2025-05-21,2024-08-07,2024-08-07,2025-05-21,schoolcalendarinfo.com:current,confirmed
0403780,Chandler Unified School District 80,AZ,13040,2024-2025,2025-03-10,2025-03-24,2024-12-20,2025-01-06,2025-05-22,2024-07-17,2024-07-17,2025-05-22,schoolcalendarinfo.com:current,confirmed
0404280,Lake Havasu Unified School District,AZ,5478,2024-2025,2025-03-17,2025-03-21,2024-12-20,2025-01-06,2025-05-22,2024-08-01,2024-08-01,2025-05-22,schoolcalendarinfo.com:current,confirmed
0404970,Mesa Public Schools,AZ,58343,2024-2025,2025-03-10,2025-03-14,2024-12-20,2025-01-06,2025-05-22,2024-08-01,2024-08-01,2025-05-22,schoolcalendarinfo.com:current,confirmed
0607440,Capistrano Unified School District,CA,41749,2024-2025,2025-04-07,2025-04-11,2024-12-23,2025-01-03,2025-06-05,2024-08-20,2024-08-20,2025-06-05,schoolcalendarinfo.com:current,confirmed
0608610,Chula Vista Elementary School District,CA,22218,2024-2025,2025-03-24,2025-04-04,2024-12-23,2025-01-13,2025-06-06,2024-07-24,2024-07-24,2025-06-06,schoolcalendarinfo.com:current,confirmed
0613080,Eureka Union School District,CA,3147,2024-2025,2025-04-14,2025-04-18,2024-12-20,2025-01-06,2025-06-06,2024-08-14,2024-08-14,2025-06-06,schoolcalendarinfo.com:current,confirmed
0614400,Fremont Unified School District,CA,33057,2024-2025,2025-04-18,2025-04-25,2024-12-23,2025-01-03,2025-05-30,2024-08-14,2024-08-14,2025-05-30,schoolcalendarinfo.com:current,confirmed
0622500,Long Beach Unified School District,CA,65129,2024-2025,2025-04-14,2025-04-18,2024-12-23,2025-01-03,2025-06-12,2024-08-27,2024-08-27,2025-06-12,schoolcalendarinfo.com:current,confirmed
0628650,Orange County Public Schools,CA,24740,2024-2025,2025-03-14,2025-03-21,2024-12-23,2025-01-06,2025-05-28,2024-08-12,2024-08-12,2025-05-28,schoolcalendarinfo.com:current,confirmed
0634410,San Francisco Unified School District,CA,48722,2024-2025,2025-03-28,2025-04-04,2024-12-23,2025-01-03,2025-06-04,2024-08-19,2024-08-19,2025-06-04,schoolcalendarinfo.com:current,confirmed
0640150,Tustin Unified School District,CA,21694,2024-2025,2025-03-17,2025-03-24,2024-12-20,2025-01-03,2025-05-30,2024-08-14,2024-08-14,2025-05-30,schoolcalendarinfo.com:current,confirmed
0802910,Cherry Creek School District,CO,52392,2024-2025,2025-03-17,2025-03-21,2024-12-23,2025-01-06,2025-05-23,2024-08-12,2024-08-12,2025-05-23,schoolcalendarinfo.com:current,confirmed
0803360,Jeffco Public Schools,CO,87883,2024-2025,2025-03-17,2025-03-21,2024-12-23,2025-01-03,2025-05-23,2024-08-14,2024-08-14,2025-05-23,schoolcalendarinfo.com:current,confirmed
0900450,Bridgeport Public Schools,CT,19112,2024-2025,2025-04-14,2025-04-18,2024-12-23,2025-01-01,2025-06-13,2024-08-29,2024-08-29,2025-06-13,schoolcalendarinfo.com:current,confirmed
0901470,Enfield Public Schools,CT,4514,2024-2025,2025-04-14,2025-04-18,2024-12-23,2025-01-01,2025-06-11,2024-08-29,2024-08-29,2025-06-11,schoolcalendarinfo.com:current,confirmed
0901530,Fairfield Public Schools,CT,9093,2024-2025,2025-04-14,2025-04-18,2024-12-23,2025-01-01,2025-06-10,2024-08-27,2024-08-27,2025-06-10,schoolcalendarinfo.com:current,confirmed
0901620,Glastonbury Public Schools,CT,5486,2024-2025,2025-04-14,2025-04-18,2024-12-23,2025-01-01,2025-06-10,2024-08-28,2024-08-28,2025-06-10,schoolcalendarinfo.com:current,confirmed
0901860,Hamden Public Schools,CT,5009,2024-2025,2025-04-14,2025-04-18,2024-12-23,2025-01-01,2025-06-11,2024-08-26,2024-08-26,2025-06-11,schoolcalendarinfo.com:current,confirmed
0902400,Meriden Public Schools,CT,8028,2024-2025,2025-04-14,2025-04-18,2024-12-23,2025-01-01,2025-06-10,2024-08-28,2024-08-28,2025-06-10,schoolcalendarinfo.com:current,confirmed
0904920,West Hartford Public Schools,CT,8982,2024-2025,2025-04-14,2025-04-18,2024-12-23,2025-01-01,2025-06-11,2024-08-28,2024-08-28,2025-06-11,schoolcalendarinfo.com:current,confirmed
0905040,Westport Public Schools,CT,5271,2024-2025,2025-04-14,2025-04-18,2024-12-23,2025-01-01,2025-06-12,2024-08-27,2024-08-27,2025-06-12,schoolcalendarinfo.com:current,confirmed
1200180,Broward County Public Schools,FL,254732,2024-2025,2025-03-21,2025-03-31,2024-12-23,2025-01-06,2025-06-03,2024-08-12,2024-08-12,2025-06-03,schoolcalendarinfo.com:current,confirmed
1200330,Collier County Public Schools,FL,48082,2024-2025,2025-03-10,2025-03-14,2024-12-20,2025-01-03,2025-06-03,2024-08-13,2024-08-13,2025-06-03,schoolcalendarinfo.com:current,confirmed
1200510,Escambia County School District,FL,37851,2024-2025,2025-03-17,2025-03-21,2024-12-23,2025-01-06,2025-05-23,2024-08-12,2024-08-12,2025-05-23,schoolcalendarinfo.com:current,confirmed
1200810,Hernando County Schools,FL,24058,2024-2025,2025-03-17,2025-03-21,2024-12-23,2025-01-06,2025-05-30,2024-08-12,2024-08-12,2025-05-30,schoolcalendarinfo.com:current,confirmed
1201080,Lee County School District,FL,99354,2024-2025,2025-03-14,2025-03-21,2024-12-23,2025-01-06,2025-05-30,2024-08-12,2024-08-12,2025-05-30,schoolcalendarinfo.com:current,confirmed
1201230,Manatee County School District,FL,51234,2024-2025,2025-03-17,2025-03-24,2024-12-23,2025-01-06,2025-05-29,2024-08-12,2024-08-12,2025-05-29,schoolcalendarinfo.com:current,confirmed
1201290,Martin County School,FL,18641,2024-2025,2025-04-18,2025-04-21,2024-12-23,2025-01-03,2025-05-29,2024-08-12,2024-08-12,2025-05-29,schoolcalendarinfo.com:current,confirmed
1200390,Miami-Dade County Public Schools,FL,335929,2024-2025,2025-03-24,2025-03-31,2024-12-23,2025-01-03,2025-06-05,2024-08-15,2024-08-15,2025-06-05,schoolcalendarinfo.com:current,confirmed
1201380,Okaloosa County School District,FL,32733,2024-2025,2025-03-14,2025-03-24,2024-12-23,2025-01-07,2025-05-29,2024-08-12,2024-08-12,2025-05-29,schoolcalendarinfo.com:current,confirmed
1201530,Pasco County Schools,FL,84032,2024-2025,2025-03-14,2025-03-21,2024-12-23,2025-01-06,2025-05-30,2024-08-12,2024-08-12,2025-05-30,schoolcalendarinfo.com:current,confirmed
1201590,Polk County Public Schools,FL,114483,2024-2025,2025-03-17,2025-03-21,2024-12-23,2025-01-07,2025-05-29,2024-08-12,2024-08-12,2025-05-29,schoolcalendarinfo.com:current,confirmed
1201590,Polk County Schools,FL,114483,2024-2025,2025-04-07,2025-04-11,2024-12-23,2025-01-03,2025-05-23,2024-08-08,2024-08-08,2025-05-23,schoolcalendarinfo.com:current,confirmed
1201650,Santa Rosa County District Schools,FL,30761,2024-2025,2025-03-17,2025-03-21,2024-12-23,2025-01-06,2025-05-29,2024-08-12,2024-08-12,2025-05-29,schoolcalendarinfo.com:current,confirmed
1201680,Sarasota County Schools,FL,45077,2024-2025,2025-03-14,2025-03-21,2024-12-23,2025-01-06,2025-05-28,2024-08-12,2024-08-12,2025-05-28,schoolcalendarinfo.com:current,confirmed
1201710,Seminole County Public Schools,FL,66680,2024-2025,2025-03-14,2025-03-21,2024-12-20,2025-01-06,2025-05-28,2024-08-12,2024-08-12,2025-05-28,schoolcalendarinfo.com:current,confirmed
1300120,Atlanta Public Schools,GA,50325,2024-2025,2025-04-07,2025-04-11,2024-12-23,2025-01-06,2025-05-29,2024-08-01,2024-08-01,2025-05-29,schoolcalendarinfo.com:current,confirmed
1300570,Bryan County Schools,GA,10221,2024-2025,2025-03-31,2025-04-04,2024-12-18,2025-01-03,2025-05-22,2024-08-01,2024-08-01,2025-05-22,schoolcalendarinfo.com:current,confirmed
1300600,Buford City Schools,GA,5847,2024-2025,2025-04-07,2025-04-11,2024-12-23,2025-01-07,2025-05-22,2024-08-02,2024-08-02,2025-05-22,schoolcalendarinfo.com:current,confirmed
1300630,Bulloch County Schools,GA,11050,2024-2025,2025-04-07,2025-04-11,2024-12-23,2025-01-06,2025-05-23,2024-08-01,2024-08-01,2025-05-23,schoolcalendarinfo.com:current,confirmed
1300690,Butts County Schools,GA,3564,2024-2025,2025-04-07,2025-04-11,2024-12-10,2025-01-06,2025-05-23,2024-08-01,2024-08-01,2025-05-23,schoolcalendarinfo.com:current,confirmed
1300780,Camden County Schools,GA,9523,2024-2025,2025-03-31,2025-04-04,2024-12-23,2025-01-06,2025-05-23,2024-08-08,2024-08-08,2025-05-23,schoolcalendarinfo.com:current,confirmed
1300870,Carrollton City Schools,GA,5612,2024-2025,2025-04-07,2025-04-11,2024-12-23,2025-01-06,2025-05-21,2024-08-12,2024-08-12,2025-05-21,schoolcalendarinfo.com:current,confirmed
1301230,Clayton County Public Schools,GA,52186,2024-2025,2025-04-07,2025-04-11,2024-12-23,2025-01-06,2025-05-23,2024-08-01,2024-08-01,2025-05-23,schoolcalendarinfo.com:current,confirmed
1301290,Cobb County School District,GA,106703,2024-2025,2025-04-07,2025-04-11,2024-12-23,2025-01-03,2025-05-21,2024-08-01,2024-08-01,2025-05-21,schoolcalendarinfo.com:current,confirmed
1301380,Colquitt County Schools,GA,8830,2024-2025,2025-03-31,2025-04-04,2024-12-20,2025-01-07,2025-05-21,2024-08-01,2024-08-01,2025-05-21,schoolcalendarinfo.com:current,confirmed
1301500,Coweta County Schools,GA,23200,2024-2025,2025-04-07,2025-04-11,2024-12-19,2025-01-02,2025-05-23,2024-08-01,2024-08-01,2025-05-23,schoolcalendarinfo.com:current,confirmed
1301740,DeKalb County School District,GA,92368,2024-2025,2025-04-07,2025-04-11,2024-12-23,2025-01-06,2025-05-29,2024-08-05,2024-08-05,2025-05-29,schoolcalendarinfo.com:current,confirmed
1301860,Douglas County Schools,GA,25802,2024-2025,2025-04-07,2025-04-11,2024-12-19,2025-01-03,2025-05-21,2024-08-01,2024-08-01,2025-05-21,schoolcalendarinfo.com:current,confirmed
1302220,Forsyth County Schools,GA,54077,2024-2025,2025-03-31,2025-04-04,2024-12-23,2025-01-03,2025-05-22,2024-08-01,2024-08-01,2025-05-22,schoolcalendarinfo.com:current,confirmed
1302280,Fulton County Schools,GA,89935,2024-2025,2025-04-07,2025-04-11,2024-12-23,2025-01-06,2025-05-22,2024-08-05,2024-08-05,2025-05-22,schoolcalendarinfo.com:current,confirmed
1302430,Gordon County Schools,GA,6421,2024-2025,2025-04-07,2025-04-11,2024-12-23,2025-01-06,2025-05-23,2024-08-06,2024-08-06,2025-05-23,schoolcalendarinfo.com:current,confirmed
1302550,Gwinnett County Public Schools,GA,181814,2024-2025,2025-04-07,2025-04-11,2024-12-23,2025-01-03,2025-05-21,2024-08-05,2024-08-05,2025-05-21,schoolcalendarinfo.com (current page),confirmed
1302580,Habersham County Schools,GA,7204,2024-2025,2025-04-07,2025-04-11,2024-12-23,2025-01-06,2025-05-23,2024-08-02,2024-08-02,2025-05-23,schoolcalendarinfo.com:current,confirmed
1302820,Henry County Schools,GA,43417,2024-2025,2025-04-07,2025-04-11,2024-12-23,2025-01-07,2025-05-23,2024-08-01,2024-08-01,2025-05-23,schoolcalendarinfo.com:current,confirmed
1302880,Houston County Schools,GA,30631,2024-2025,2025-03-28,2025-04-04,2024-12-23,2025-01-03,2025-05-21,2024-07-31,2024-07-31,2025-05-21,schoolcalendarinfo.com:current,confirmed
1303120,Johnson City Schools,GA,1009,2024-2025,2025-03-17,2025-03-21,2024-12-23,2025-01-06,2025-05-23,2024-08-05,2024-08-05,2025-05-23,schoolcalendarinfo.com:current,confirmed
1303420,Lumpkin County School System,GA,3749,2024-2025,2025-04-07,2025-04-11,2024-12-20,2025-01-06,2025-05-23,2024-08-05,2024-08-05,2025-05-23,schoolcalendarinfo.com:current,confirmed
1303870,Muscogee County Public Schools,GA,29818,2024-2025,2025-03-31,2025-04-04,2024-12-23,2025-01-06,2025-05-23,2024-08-08,2024-08-08,2025-05-23,schoolcalendarinfo.com:current,confirmed
1304020,Paulding County School District,GA,31518,2024-2025,2025-04-07,2025-04-11,2024-12-23,2025-01-03,2025-05-21,2024-08-01,2024-08-01,2025-05-21,schoolcalendarinfo.com:current,confirmed
1304380,Richmond County Schools,GA,29589,2024-2025,2025-04-07,2025-04-14,2024-12-23,2025-01-03,2025-05-23,2024-08-05,2024-08-05,2025-05-23,schoolcalendarinfo.com:current,confirmed
1305390,Walton County School District,GA,14557,2024-2025,2025-04-07,2025-04-11,2024-12-23,2025-01-03,2025-05-21,2024-08-01,2024-08-01,2025-05-21,schoolcalendarinfo.com:current,confirmed
1500030,Hawaii Schools,HI,170209,2024-2025,2025-03-17,2025-03-21,2024-12-23,2025-01-06,2025-05-30,2024-08-05,2024-08-05,2025-05-30,schoolcalendarinfo.com:current,confirmed
1906510,Cedar Falls Schools,IA,5884,2024-2025,2025-03-17,2025-03-21,2024-12-23,2025-01-02,2025-05-30,2024-08-23,2024-08-23,2025-05-30,schoolcalendarinfo.com:current,confirmed
1600360,Boise School District,ID,22809,2024-2025,2025-03-17,2025-03-21,2024-12-23,2025-01-06,2025-05-22,2024-08-14,2024-08-14,2025-05-22,schoolcalendarinfo.com:current,confirmed
1721750,Lake Forest School District 67,IL,1666,2024-2025,2025-03-24,2025-03-28,2024-12-23,2025-01-03,2025-06-02,2024-08-21,2024-08-21,2025-06-02,schoolcalendarinfo.com:current,confirmed
1728200,New Trier Township High School District 203,IL,3779,2024-2025,2025-03-24,2025-03-28,2024-12-20,2025-01-03,2025-06-06,2024-08-21,2024-08-21,2025-06-06,schoolcalendarinfo.com:current,confirmed
1731740,Plainfield School District 202,IL,24856,2024-2025,2025-03-31,2025-04-07,2024-12-23,2025-01-06,2025-05-28,2024-08-15,2024-08-15,2025-05-28,schoolcalendarinfo.com:current,confirmed
1802850,East Allen County Schools,IN,10027,2024-2025,2025-03-28,2025-04-04,2024-12-23,2025-01-06,2025-05-21,2024-08-07,2024-08-07,2025-05-21,schoolcalendarinfo.com:current,confirmed
1803270,Elkhart Community Schools,IN,11318,2024-2025,2025-04-07,2025-04-11,2024-12-23,2025-01-03,2025-05-29,2024-08-15,2024-08-15,2025-05-29,schoolcalendarinfo.com:current,confirmed
1803630,Fort Wayne Community Schools,IN,28612,2024-2025,2025-03-31,2025-04-04,2024-12-23,2025-01-06,2025-05-22,2024-08-08,2024-08-08,2025-05-22,schoolcalendarinfo.com:current,confirmed
1810650,Hamilton Southeastern Schools,IN,21612,2024-2025,2025-04-04,2025-04-11,2024-12-23,2025-01-06,2025-05-28,2024-08-07,2024-08-07,2025-05-28,schoolcalendarinfo.com:current,confirmed
1805370,Kokomo School Corporation,IN,5238,2024-2025,2025-03-24,2025-04-04,2024-12-23,2025-01-06,2025-05-28,2024-08-01,2024-08-01,2025-05-28,schoolcalendarinfo.com:current,confirmed
1806060,Loogootee Community Schools,IN,750,2024-2025,2025-03-24,2025-03-28,2024-12-23,2025-01-03,2025-05-22,2024-08-07,2024-08-07,2025-05-22,schoolcalendarinfo.com:current,confirmed
1807410,New Albany Floyd County Schools,IN,11270,2024-2025,2025-03-17,2025-03-28,2024-12-23,2025-01-06,2025-05-30,2024-07-31,2024-07-31,2025-05-30,schoolcalendarinfo.com:current,confirmed
1813080,Westfield-Washington Schools,IN,9180,2024-2025,2025-04-04,2025-04-11,2024-12-23,2025-01-06,2025-05-23,2024-08-08,2024-08-08,2025-05-23,schoolcalendarinfo.com:current,confirmed
2010980,Blue Valley School District,KS,269,2024-2025,2025-03-14,2025-03-24,2024-12-23,2025-01-03,2025-05-23,2024-08-13,2024-08-13,2025-05-23,schoolcalendarinfo.com:current,confirmed
2100510,Boone County Schools,KY,20200,2024-2025,2025-04-07,2025-04-11,2024-12-23,2025-01-03,2025-05-22,2024-08-15,2024-08-15,2025-05-22,schoolcalendarinfo.com:current,confirmed
2101860,Fayette County Public Schools,KY,41422,2024-2025,2025-04-07,2025-04-11,2024-12-23,2025-01-06,2025-05-28,2024-08-14,2024-08-14,2025-05-28,schoolcalendarinfo.com:current,confirmed
2103090,Kenton County Schools,KY,14066,2024-2025,2025-04-07,2025-04-11,2024-12-23,2025-01-03,2025-05-22,2024-08-14,2024-08-14,2025-05-22,schoolcalendarinfo.com:current,confirmed
2103720,Madison County Schools,KY,11198,2024-2025,2025-04-07,2025-04-11,2024-12-23,2025-01-03,2025-05-22,2024-08-14,2024-08-14,2025-05-22,schoolcalendarinfo.com:current,confirmed
2105040,Robertson County Schools,KY,479,2024-2025,2025-03-17,2025-03-21,2024-12-23,2025-01-06,2025-05-23,2024-08-06,2024-08-06,2025-05-23,schoolcalendarinfo.com:current,confirmed
2200270,Bossier Parish Schools,LA,23918,2024-2025,2025-03-10,2025-03-14,2024-12-19,2025-01-06,2025-05-20,2024-08-08,2024-08-08,2025-05-20,schoolcalendarinfo.com:current,confirmed
2200300,Caddo Parish Public Schools,LA,36147,2024-2025,,2025-03-14,2024-12-20,2025-01-06,2025-05-15,2024-08-08,2024-08-08,2025-05-15,schoolcalendarinfo.com:current,confirmed
2200870,Lafayette Parish Schools,LA,32377,2024-2025,2025-04-14,2025-04-21,2024-12-23,2025-01-06,2025-05-22,2024-08-07,2024-08-07,2025-05-22,schoolcalendarinfo.com:current,confirmed
2503270,Cambridge Public Schools,MA,6627,2024-2025,2025-04-18,2025-04-25,2024-12-23,2025-01-02,2025-06-24,2024-09-03,2024-09-03,2025-06-24,schoolcalendarinfo.com:current,confirmed
2506660,Lawrence Public Schools,MA,12867,2024-2025,2025-04-18,2025-04-25,2024-12-23,2025-01-04,2025-06-24,,,2025-06-24,schoolcalendarinfo.com:current,confirmed
2507020,Lowell Public Schools,MA,14130,2024-2025,2025-04-18,2025-04-25,2024-12-23,2025-01-01,2025-06-13,2024-08-27,2024-08-27,2025-06-13,schoolcalendarinfo.com:current,confirmed
2507170,Malden Public Schools,MA,6308,2024-2025,2025-04-21,2025-04-25,2024-12-23,2025-01-01,2025-06-13,2024-08-28,2024-08-28,2025-06-13,schoolcalendarinfo.com:current,confirmed
2511520,Taunton Public Schools,MA,7905,2024-2025,2025-04-18,2025-04-25,2024-12-23,2025-01-01,2025-06-17,2024-08-28,2024-08-28,2025-06-17,schoolcalendarinfo.com:current,confirmed
2400060,Anne Arundel County Public Schools,MD,84452,2024-2025,2025-04-14,2025-04-21,2024-12-23,2025-01-01,2025-06-13,2024-08-26,2024-08-26,2025-06-13,schoolcalendarinfo.com:current,confirmed
2400090,Baltimore County Public Schools,MD,75995,2024-2025,2025-04-14,2025-04-21,2024-12-23,2025-01-01,2025-06-11,2024-08-26,2024-08-26,2025-06-11,schoolcalendarinfo.com:current,confirmed
2400150,Calvert County Public Schools,MD,15461,2024-2025,2025-04-14,2025-04-21,2024-12-23,2025-01-01,2025-06-11,2024-08-27,2024-08-27,2025-06-11,schoolcalendarinfo.com:current,confirmed
2400210,Carroll County Public Schools,MD,25787,2024-2025,2025-04-17,2025-04-22,2024-12-23,2025-01-01,2025-06-13,2024-09-03,2024-09-03,2025-06-13,schoolcalendarinfo.com:current,confirmed
2400240,Cecil County Public Schools,MD,15047,2024-2025,2025-04-18,2025-04-21,2024-12-23,2025-01-03,2025-06-13,2024-09-03,2024-09-03,2025-06-13,schoolcalendarinfo.com:current,confirmed
2620730,Lake Orion Community Schools,MI,6731,2024-2025,2025-03-24,2025-03-28,2024-12-23,2025-01-03,2025-06-10,2024-09-03,2024-09-03,2025-06-10,schoolcalendarinfo.com:current,confirmed
2628950,Portage Public Schools,MI,8591,2024-2025,2025-03-28,2025-04-04,2024-12-25,2025-01-03,2025-06-06,2024-08-26,2024-08-26,2025-06-06,schoolcalendarinfo.com:current,confirmed
2635190,Warren Consolidated Schools,MI,12468,2024-2025,2025-03-24,2025-03-31,2024-12-23,2025-01-03,2025-06-12,2024-08-28,2024-08-28,2025-06-12,schoolcalendarinfo.com:current,confirmed
2711250,Edina Public Schools,MN,8610,2024-2025,2025-03-31,2025-04-04,2024-12-23,2025-01-03,2025-05-30,2024-08-26,2024-08-26,2025-05-30,schoolcalendarinfo.com:current,confirmed
2714970,Hutchinson Public Schools,MN,2765,2024-2025,2025-03-07,2025-03-14,2024-12-20,2025-01-01,2025-06-04,2024-09-03,2024-09-03,2025-06-04,schoolcalendarinfo.com:current,confirmed
2711670,Minnetonka Schools,MN,11248,2024-2025,2025-03-31,2025-04-07,2024-12-23,2025-01-06,2025-06-10,2024-09-03,2024-09-03,2025-06-10,schoolcalendarinfo.com:current,confirmed
2901000,Columbia Public Schools,MO,18800,2024-2025,2025-03-24,2025-03-28,2024-12-23,2025-01-03,2025-05-22,2024-08-20,2024-08-20,2025-05-22,schoolcalendarinfo.com:current,confirmed
2917820,Ladue School District,MO,4442,2024-2025,2025-03-14,2025-03-21,2024-12-23,2025-01-06,2025-05-29,2024-08-19,2024-08-19,2025-05-29,schoolcalendarinfo.com:current,confirmed
2918300,Lee’s Summit School District,MO,17775,2024-2025,2025-04-07,2025-04-11,2024-12-23,2025-01-06,2025-05-23,2024-08-21,2024-08-21,2025-05-23,schoolcalendarinfo.com:current,confirmed
2802280,Jones County School District,MS,8524,2024-2025,2025-03-17,2025-03-24,2024-12-23,2025-01-06,2025-05-29,2024-08-05,2024-08-05,2025-05-29,schoolcalendarinfo.com:current,confirmed
3700240,Asheboro City Schools,NC,4383,2024-2025,2025-04-14,2025-04-21,2024-12-23,2025-01-03,2025-06-10,2024-08-26,2024-08-26,2025-06-10,schoolcalendarinfo.com:current,confirmed
3700270,Asheville City Schools,NC,4137,2024-2025,2025-04-14,2025-04-18,2024-12-23,2025-01-03,2025-06-06,2024-08-26,2024-08-26,2025-06-06,schoolcalendarinfo.com:current,confirmed
3700530,Cabarrus County Schools,NC,34810,2024-2025,2025-03-10,2025-03-14,2024-12-23,2025-01-03,2025-05-21,2024-08-13,2024-08-13,2025-05-21,schoolcalendarinfo.com:current,confirmed
3700580,Caldwell County Schools,NC,10758,2024-2025,2025-04-21,2025-04-25,2024-12-23,2025-01-03,2025-06-04,2024-08-26,2024-08-26,2025-06-04,schoolcalendarinfo.com:current,confirmed
3700690,Catawba County Schools,NC,15678,2024-2025,2025-04-18,2025-04-25,2024-12-23,2025-01-03,2025-05-23,2024-08-26,2024-08-26,2025-05-23,schoolcalendarinfo.com:current,confirmed
3700720,Chapel Hill Carrboro City Schools 2025,NC,11561,2024-2025,2025-03-28,2025-04-04,2024-12-23,2025-01-03,2025-06-12,2024-08-26,2024-08-26,2025-06-12,schoolcalendarinfo.com:current,confirmed
3700011,Cumberland County Schools,NC,49661,2024-2025,2025-04-14,2025-04-21,2024-12-23,2025-01-03,2025-05-23,2024-08-26,2024-08-26,2025-05-23,schoolcalendarinfo.com:current,confirmed
3701110,Dare County Schools,NC,5181,2024-2025,2025-04-21,2025-04-25,2024-12-23,2025-01-03,2025-06-06,2024-08-26,2024-08-26,2025-06-06,schoolcalendarinfo.com:current,confirmed
3701140,Davidson County Schools,NC,17964,2024-2025,2025-04-17,2025-04-23,2024-12-23,2025-01-03,2025-06-06,2024-08-26,2024-08-26,2025-06-06,schoolcalendarinfo.com:current,confirmed
3701620,Gaston County Schools,NC,30281,2024-2025,2025-04-18,2025-04-25,2024-12-20,2025-01-03,2025-05-21,2024-08-14,2024-08-14,2025-05-21,schoolcalendarinfo.com:current,confirmed
3701920,Guilford County Schools,NC,68894,2024-2025,2025-04-14,2025-04-18,2024-12-23,2025-01-03,2025-06-11,2024-08-26,2024-08-26,2025-06-11,schoolcalendarinfo.com:current,confirmed
3702310,Iredell-Statesville Schools,NC,20721,2024-2025,2025-04-18,2025-04-22,2024-12-23,2025-01-03,2025-05-23,2024-08-12,2024-08-12,2025-05-23,schoolcalendarinfo.com:current,confirmed
3703330,New Hanover County Schools,NC,25244,2024-2025,2025-04-14,2025-04-21,2024-12-20,2025-01-03,2025-06-06,2024-08-27,2024-08-27,2025-06-06,schoolcalendarinfo.com:current,confirmed
3703570,Pender County Schools,NC,10941,2024-2025,2025-03-07,2025-03-28,2024-12-13,2025-01-03,2025-06-02,2024-07-15,2024-07-15,2025-06-02,schoolcalendarinfo.com:current,confirmed
3700012,Pitt County Schools,NC,24091,2024-2025,2025-03-17,2025-03-21,2024-12-23,2025-01-03,2025-06-10,2024-08-26,2024-08-26,2025-06-10,schoolcalendarinfo.com:current,confirmed
3704720,Wake County Public Schools,NC,159778,2024-2025,2025-03-31,2025-04-07,2024-12-23,2025-01-02,2025-06-13,2024-08-27,2024-08-27,2025-06-13,schoolcalendarinfo.com:current,confirmed
3704830,Watauga County Schools,NC,4754,2024-2025,2025-04-21,2025-04-25,2024-12-23,2025-01-03,2025-06-02,2024-08-19,2024-08-19,2025-06-02,schoolcalendarinfo.com:current,confirmed
3800014,Bismarck Public Schools,ND,13964,2024-2025,2025-04-18,2025-04-21,2024-12-23,2025-01-01,2025-05-23,2024-08-21,2024-08-21,2025-05-23,schoolcalendarinfo.com:current,confirmed
3103810,Bellevue School District,NE,9498,2024-2025,2025-04-07,2025-04-11,2024-12-23,2025-01-03,2025-06-18,2024-09-03,2024-09-03,2025-06-18,schoolcalendarinfo.com:current,confirmed
3172390,Kearney Public Schools,NE,6152,2024-2025,2025-03-24,2025-03-28,2024-12-23,2025-01-06,2025-05-22,2024-08-15,2024-08-15,2025-05-22,schoolcalendarinfo.com:current,confirmed
3172840,Lincoln Public Schools,NE,41850,2024-2025,2025-03-10,2025-03-14,2024-12-23,2025-01-03,2025-05-22,2024-08-12,2024-08-12,2025-05-22,schoolcalendarinfo.com:current,confirmed
3304980,Nashua School District,NH,9928,2024-2025,2025-04-28,2025-05-02,2024-12-23,2025-01-01,2025-06-13,,,2025-06-13,schoolcalendarinfo.com:current,confirmed
3402280,Bridgewater-Raritan Regional School District,NJ,7981,2024-2025,2025-04-14,2025-04-18,2024-12-23,2025-01-01,2025-06-19,2024-09-04,2024-09-04,2025-06-19,schoolcalendarinfo.com:current,confirmed
3403000,Cherry Hill Public Schools,NJ,10706,2024-2025,2025-04-14,2025-04-18,2024-12-23,2025-01-01,2025-06-19,2024-09-03,2024-09-03,2025-06-19,schoolcalendarinfo.com:current,confirmed
3405460,Franklin Township School,NJ,280,2024-2025,2025-04-14,2025-04-21,2024-12-23,2025-01-01,2025-06-26,2024-09-05,2024-09-05,2025-06-26,schoolcalendarinfo.com:current,confirmed
3407560,Howell Township Public Schools,NJ,5484,2024-2025,2025-04-14,2025-04-18,2024-12-23,2025-01-01,2025-06-20,2024-09-09,2024-09-09,2025-06-20,schoolcalendarinfo.com:current,confirmed
3409270,Old Bridge Township Public Schools,NJ,8047,2024-2025,2025-04-14,2025-04-18,2024-12-23,2025-01-01,2025-06-20,2024-09-05,2024-09-05,2025-06-20,schoolcalendarinfo.com:current,confirmed
3413650,Randolph Township School District,NJ,4218,2024-2025,2025-04-14,2025-04-18,2024-12-24,2025-01-01,2025-06-12,2024-08-28,2024-08-28,2025-06-12,schoolcalendarinfo.com:current,confirmed
3415330,South Orange-Maplewood School District,NJ,6562,2024-2025,2025-04-14,2025-04-18,2024-12-23,2025-01-01,2025-06-19,2024-09-04,2024-09-04,2025-06-19,schoolcalendarinfo.com:current,confirmed
3500030,Alamogordo Public Schools,NM,5575,2024-2025,2025-03-24,2025-03-28,2024-12-23,2025-01-06,2025-05-23,2024-08-08,2024-08-08,2025-05-23,schoolcalendarinfo.com:current,confirmed
3200060,Clark County School District,NV,309787,2024-2025,2025-03-17,2025-03-21,2024-12-23,2025-01-03,2025-05-23,2024-08-12,2024-08-12,2025-05-23,schoolcalendarinfo.com:current,confirmed
3200480,Washoe County School District,NV,64442,2024-2025,2025-03-17,2025-03-28,2024-12-20,2025-01-03,2025-06-06,2024-08-12,2024-08-12,2025-06-06,schoolcalendarinfo.com:current,confirmed
3615810,Jericho Union Free School District,NY,3224,2024-2025,2025-04-14,2025-04-18,2024-12-23,2025-01-01,2025-06-27,2024-08-28,2024-08-28,2025-06-27,schoolcalendarinfo.com:current,confirmed
3618270,Manhasset Schools,NY,2997,2024-2025,2025-04-14,2025-04-21,2024-12-23,2025-01-01,2025-06-27,2024-09-03,2024-09-03,2025-06-27,schoolcalendarinfo.com:current,confirmed
3624750,Rochester City School District,NY,22378,2024-2025,2025-04-14,2025-04-18,2024-12-23,2025-01-03,2025-06-25,2024-09-05,2024-09-05,2025-06-25,schoolcalendarinfo.com:current,confirmed
3626010,Schenectady City School District,NY,8879,2024-2025,2025-04-14,2025-04-18,2024-12-23,2025-01-01,2025-06-27,2024-09-05,2024-09-05,2025-06-27,schoolcalendarinfo.com:current,confirmed
3904348,Akron Public Schools,OH,20481,2024-2025,2025-03-18,2025-03-25,2024-12-23,2025-01-03,2025-06-05,2024-08-29,2024-08-29,2025-06-05,schoolcalendarinfo.com:current,confirmed
3904373,Centerville City Schools,OH,8256,2024-2025,2025-03-21,2025-03-28,2024-12-23,2025-01-03,2025-05-23,2024-08-14,2024-08-14,2025-05-23,schoolcalendarinfo.com:current,confirmed
3904961,Green Local Schools,OH,526,2024-2025,2025-03-24,2025-03-28,2024-12-23,2025-01-03,2025-05-19,2024-08-14,2024-08-14,2025-05-19,schoolcalendarinfo.com:current,confirmed
3905044,Little Miami Schools,OH,5409,2024-2025,2025-04-14,2025-04-21,2024-12-20,2025-01-03,2025-05-22,2024-08-15,2024-08-15,2025-05-22,schoolcalendarinfo.com:current,confirmed
3904549,Mentor Public Schools,OH,7267,2024-2025,2025-03-14,2025-03-21,2024-12-23,2025-01-03,2025-05-30,2024-08-20,2024-08-20,2025-05-30,schoolcalendarinfo.com:current,confirmed
3904387,Olentangy Local School District,OH,5595,2024-2025,2025-03-24,2025-03-28,2024-12-23,2025-01-03,2025-05-22,2024-08-15,2024-08-15,2025-05-22,schoolcalendarinfo.com (current page),confirmed
3904700,Reynoldsburg City Schools,OH,7374,2024-2025,2025-03-24,2025-03-28,2024-12-23,2025-01-03,2025-05-29,2024-08-23,2024-08-23,2025-05-29,schoolcalendarinfo.com:current,confirmed
3904480,South-Western City School District,OH,21702,2024-2025,2025-03-21,2025-03-28,2024-12-23,2025-01-03,2025-06-03,2024-08-21,2024-08-21,2025-06-03,schoolcalendarinfo.com:current,confirmed
3904490,Toledo Public Schools,OH,21745,2024-2025,2025-04-14,2025-04-21,2024-12-23,2025-01-06,2025-05-23,2024-08-28,2024-08-28,2025-05-23,schoolcalendarinfo.com:current,confirmed
4004500,Bixby Public Schools,OK,7800,2024-2025,2025-03-17,2025-03-24,2024-12-23,2025-01-06,2025-05-22,2024-08-20,2024-08-20,2025-05-22,schoolcalendarinfo.com:current,confirmed
4005490,Broken Arrow Public Schools,OK,20115,2024-2025,2025-03-14,2025-03-21,2024-12-23,2025-01-06,2025-05-23,2024-08-14,2024-08-14,2025-05-23,schoolcalendarinfo.com:current,confirmed
4009570,Deer Creek Schools,OK,7628,2024-2025,2025-03-14,2025-03-21,2024-12-23,2025-01-06,2025-05-22,2024-08-14,2024-08-14,2025-05-22,schoolcalendarinfo.com:current,confirmed
4010590,Edmond Public Schools,OK,26190,2024-2025,2025-03-17,2025-03-21,2024-12-20,2025-01-06,2025-05-21,2024-08-15,2024-08-15,2025-05-21,schoolcalendarinfo.com:current,confirmed
4010920,Enid Public Schools,OK,7743,2024-2025,2025-03-17,2025-03-21,2024-12-23,2025-01-06,2025-05-15,2024-08-14,2024-08-14,2025-05-15,schoolcalendarinfo.com:current,confirmed
4015720,Jenks Public Schools,OK,12654,2024-2025,2025-03-14,2025-03-21,2024-12-23,2025-01-06,2025-05-16,2024-08-15,2024-08-15,2025-05-16,schoolcalendarinfo.com:current,confirmed
4017250,Lawton Public Schools,OK,13979,2024-2025,2025-03-17,2025-03-21,2024-12-23,2025-01-03,2025-05-22,2024-08-14,2024-08-14,2025-05-22,schoolcalendarinfo.com:current,confirmed
4020250,Moore Schools,OK,24632,2024-2025,2025-03-14,2025-03-21,2024-12-23,2025-01-06,2025-05-16,2024-08-08,2024-08-08,2025-05-16,schoolcalendarinfo.com:current,confirmed
4109330,Oregon School District,OR,7239,2024-2025,2025-03-31,2025-04-04,2024-12-23,2025-01-01,2025-06-11,2024-09-03,2024-09-03,2025-06-11,schoolcalendarinfo.com:current,confirmed
4110040,Portland Public Schools,OR,43049,2024-2025,2025-03-24,2025-03-28,2024-12-23,2025-01-03,2025-06-10,2024-08-27,2024-08-27,2025-06-10,schoolcalendarinfo.com:current,confirmed
4205310,Central Bucks School District,PA,17482,2024-2025,2025-04-17,2025-04-21,2024-12-23,2025-01-01,2025-06-13,2024-09-03,2024-09-03,2025-06-13,schoolcalendarinfo.com:current,confirmed
4207710,Downingtown Area School District,PA,13201,2024-2025,2025-04-17,2025-04-21,2024-12-23,2025-01-01,2025-06-05,2024-08-26,2024-08-26,2025-06-05,schoolcalendarinfo.com:current,confirmed
4400240,Cranston Public Schools,RI,10029,2024-2025,2025-04-14,2025-04-18,2024-12-23,2025-01-01,2025-06-17,2024-08-30,2024-08-30,2025-06-17,schoolcalendarinfo.com:current,confirmed
4500720,Aiken County Public Schools,SC,23181,2024-2025,2025-03-31,2025-04-11,2024-12-23,2025-01-06,2025-05-29,2024-07-22,2024-07-22,2025-05-29,schoolcalendarinfo.com:current,confirmed
4501440,Charleston County School District,SC,49929,2024-2025,2025-04-14,2025-04-21,2024-12-23,2025-01-03,2025-05-29,2024-08-13,2024-08-13,2025-05-29,schoolcalendarinfo.com:current,confirmed
4502250,Fort Mill School District,SC,1225,2024-2025,2025-04-21,2025-04-25,2024-12-23,2025-01-03,2025-05-23,2024-08-08,2024-08-08,2025-05-23,schoolcalendarinfo.com:current,confirmed
4502310,Greenville County School District,SC,77978,2024-2025,2025-03-14,2025-03-21,2024-12-23,2025-01-06,2025-05-23,2024-08-08,2024-08-08,2025-05-23,schoolcalendarinfo.com:current,confirmed
4700360,Bristol Tennessee City Schools,TN,4029,2024-2025,2025-03-10,2025-03-17,2024-12-23,2025-01-06,2025-05-23,2024-08-06,2024-08-06,2025-05-23,schoolcalendarinfo.com:current,confirmed
4700570,Cheatham County Schools 2025,TN,5833,2024-2025,2025-03-24,2025-03-28,2024-12-23,2025-01-06,2025-05-20,2024-08-07,2024-08-07,2025-05-20,schoolcalendarinfo.com:current,confirmed
4701110,Elizabethton City Schools,TN,2738,2024-2025,2025-03-24,2025-03-28,2024-12-23,2025-01-07,2025-05-23,2024-08-06,2024-08-06,2025-05-23,schoolcalendarinfo.com:current,confirmed
4701470,Greene County Schools,TN,6265,2024-2025,2025-03-17,2025-03-21,2024-12-23,2025-01-06,2025-05-20,2024-08-06,2024-08-06,2025-05-20,schoolcalendarinfo.com:current,confirmed
4703660,Metro Nashville Public Schools,TN,624,2024-2025,2025-03-10,2025-03-14,2024-12-23,2025-01-07,2025-05-22,2024-08-06,2024-08-06,2025-05-22,schoolcalendarinfo.com:current,confirmed
4703690,Rutherford County Schools,TN,50707,2024-2025,2025-03-31,2025-04-04,2024-12-23,2025-01-07,2025-05-30,2024-08-08,2024-08-08,2025-05-30,schoolcalendarinfo.com:current,confirmed
4703960,Stewart County Schools,TN,2002,2024-2025,2025-03-14,2025-03-21,2024-12-16,2025-01-01,2025-05-23,2024-08-05,2024-08-05,2025-05-23,schoolcalendarinfo.com:current,confirmed
4704380,Washington County Schools,TN,8281,2024-2025,2025-03-24,2025-03-28,2024-12-23,2025-01-06,2025-05-23,2024-08-05,2024-08-05,2025-05-23,schoolcalendarinfo.com:current,confirmed
4704550,Wilson County Schools,TN,20308,2024-2025,2025-03-10,2025-03-14,2024-12-23,2025-01-03,2025-05-22,2024-08-02,2024-08-02,2025-05-22,schoolcalendarinfo.com:current,confirmed
4807710,Aldine Independent School District,TX,60074,2024-2025,2025-03-10,2025-03-14,2024-12-20,2025-01-07,2025-05-29,2024-08-12,2024-08-12,2025-05-29,schoolcalendarinfo.com:current,confirmed
4808940,Austin Independent School District,TX,73384,2024-2025,2025-03-14,2025-03-21,2024-12-23,2025-01-06,2025-05-29,2024-08-20,2024-08-20,2025-05-29,schoolcalendarinfo.com (current page),confirmed
4836970,CCISD,TX,1286,2024-2025,2025-03-17,2025-03-24,2024-12-23,2025-01-06,2025-05-22,2024-08-14,2024-08-14,2025-05-22,schoolcalendarinfo.com:current,confirmed
,CMS Schools,TX,,2024-2025,2025-04-14,2025-04-21,2024-12-23,2025-01-03,2025-06-10,2024-08-26,2024-08-26,2025-06-10,schoolcalendarinfo.com (current page),confirmed
4813050,Carrollton-Farmers Branch ISD,TX,24747,2024-2025,2025-03-17,2025-03-21,2024-12-23,2025-01-06,2025-05-22,2024-08-12,2024-08-12,2025-05-22,schoolcalendarinfo.com:current,confirmed
4814730,Comal Independent School District,TX,28511,2024-2025,2025-03-17,2025-03-21,2024-12-23,2025-01-06,2025-05-22,2024-08-20,2024-08-20,2025-05-22,schoolcalendarinfo.com:current,confirmed
4815000,Conroe Independent School District,TX,70783,2024-2025,2025-03-10,2025-03-14,2024-12-23,2025-01-06,2025-05-23,2024-08-14,2024-08-14,2025-05-23,schoolcalendarinfo.com:current,confirmed
4816770,Denver Public Schools,TX,1557,2024-2025,2025-03-24,2025-03-31,2024-12-23,2025-01-06,2025-06-03,2024-08-19,2024-08-19,2025-06-03,schoolcalendarinfo.com:current,confirmed
4819700,Fort Worth Independent School District,TX,72783,2024-2025,2025-03-17,2025-03-24,2024-12-20,2025-01-06,2025-05-22,2024-08-13,2024-08-13,2025-05-22,schoolcalendarinfo.com:current,confirmed
4820010,Frisco Independent School District,TX,66916,2024-2025,2025-03-17,2025-03-21,2024-12-23,2025-01-06,2025-05-21,2024-08-12,2024-08-12,2025-05-21,schoolcalendarinfo.com:current,confirmed
4820340,Garland Independent School District,TX,52767,2024-2025,2025-03-17,2025-03-21,2024-12-23,2025-01-06,2025-05-23,2024-08-12,2024-08-12,2025-05-23,schoolcalendarinfo.com:current,confirmed
4823250,Highland Park ISD,TX,6551,2024-2025,2025-03-07,2025-03-14,2024-12-23,2025-01-06,2025-05-23,2024-08-14,2024-08-14,2025-05-23,schoolcalendarinfo.com:current,confirmed
4823640,Houston Independent School District,TX,189934,2024-2025,2025-03-10,2025-03-14,2024-12-23,2025-01-06,2025-06-04,2024-08-12,2024-08-12,2025-06-04,schoolcalendarinfo.com:current,confirmed
4824420,Irving Independent School District,TX,31767,2024-2025,2025-03-10,2025-03-14,2024-12-23,2025-01-06,2025-05-29,2024-08-12,2024-08-12,2025-05-29,schoolcalendarinfo.com:current,confirmed
4825170,Katy Independent School District,TX,92667,2024-2025,2025-03-10,2025-03-14,2024-12-23,2025-01-06,2025-05-22,2024-08-14,2024-08-14,2025-05-22,schoolcalendarinfo.com:current,confirmed
4825260,Keller Independent School District,TX,34078,2024-2025,2025-03-17,2025-03-21,2024-12-23,2025-01-06,2025-05-23,2024-08-14,2024-08-14,2025-05-23,schoolcalendarinfo.com:current,confirmed
4827030,Leander Independent School District,TX,42415,2024-2025,2025-03-17,2025-03-24,2024-12-23,2025-01-06,2025-05-23,2024-08-14,2024-08-14,2025-05-23,schoolcalendarinfo.com:current,confirmed
4827300,Lewisville Independent School District,TX,49060,2024-2025,2025-03-10,2025-03-14,2024-12-23,2025-01-06,2025-05-23,2024-08-13,2024-08-13,2025-05-23,schoolcalendarinfo.com:current,confirmed
4828740,Magnolia Independent School District,TX,14046,2024-2025,2025-03-10,2025-03-14,2024-12-23,2025-01-07,2025-05-23,2024-08-08,2024-08-08,2025-05-23,schoolcalendarinfo.com (current page),confirmed
4828920,Mansfield Independent School District,TX,35722,2024-2025,2025-03-17,2025-03-21,2024-12-20,2025-01-07,2025-05-22,2024-08-14,2024-08-14,2025-05-22,schoolcalendarinfo.com:current,confirmed
4829850,McKinney Independent School District,TX,23342,2024-2025,2025-03-17,2025-03-24,2024-12-23,2025-01-06,2025-05-22,2024-08-08,2024-08-08,2025-05-22,schoolcalendarinfo.com:current,confirmed
4832400,New Caney Independent School District,TX,18344,2024-2025,2025-04-07,2025-04-11,2024-12-23,2025-01-06,2025-05-22,2024-08-07,2024-08-07,2025-05-22,schoolcalendarinfo.com:current,confirmed
4833090,Northside Independent School District,TX,243,2024-2025,2025-03-10,2025-03-14,2024-12-23,2025-01-06,2025-05-29,2024-08-19,2024-08-19,2025-05-29,schoolcalendarinfo.com:current,confirmed
4835100,Plano Independent School District,TX,48921,2024-2025,2025-03-17,2025-03-24,2024-12-23,2025-01-06,2025-05-23,2024-08-13,2024-08-13,2025-05-23,schoolcalendarinfo.com:current,confirmed
4836000,Prosper Independent School District,TX,24983,2024-2025,2025-03-17,2025-03-21,2024-12-23,2025-01-06,2025-05-23,2024-08-13,2024-08-13,2025-05-23,schoolcalendarinfo.com:current,confirmed
4836990,Richardson Independent School District,TX,222,2024-2025,2025-03-17,2025-03-21,2024-12-23,2025-01-06,2025-05-23,2024-08-13,2024-08-13,2025-05-23,schoolcalendarinfo.com:current,confirmed
4900030,Alpine School District,UT,87136,2024-2025,2025-03-31,2025-04-04,2024-12-23,2025-01-03,2025-05-23,2024-08-15,2024-08-15,2025-05-23,schoolcalendarinfo.com:current,confirmed
4900420,Jordan School District,UT,59421,2024-2025,2025-03-31,2025-04-04,2024-12-23,2025-01-03,2025-06-06,2024-08-20,2024-08-20,2025-06-06,schoolcalendarinfo.com (current page),confirmed
4900720,Ogden School District,UT,10521,2024-2025,2025-03-31,2025-04-04,2024-12-23,2025-01-03,2025-05-23,2024-08-16,2024-08-16,2025-05-23,schoolcalendarinfo.com:current,confirmed
5100090,Albemarle County Public Schools,VA,13937,2024-2025,2025-03-28,2025-04-04,2024-12-23,2025-01-06,2025-06-09,2024-08-21,2024-08-21,2025-06-09,schoolcalendarinfo.com:current,confirmed
5100270,Arlington Public Schools,VA,27562,2024-2025,2025-04-14,2025-04-21,2024-12-23,2025-01-03,2025-06-18,2024-08-26,2024-08-26,2025-06-18,schoolcalendarinfo.com:current,confirmed
5100840,Chesterfield County Public Schools,VA,63916,2024-2025,2025-03-31,2025-04-04,2024-12-23,2025-01-03,2025-05-30,2024-08-19,2024-08-19,2025-05-30,schoolcalendarinfo.com:current,confirmed
5101320,Fauquier County Public Schools,VA,10837,2024-2025,2025-04-14,2025-04-21,2024-12-23,2025-01-03,2025-06-04,2024-08-14,2024-08-14,2025-06-04,schoolcalendarinfo.com:current,confirmed
5101770,Halifax County Public Schools,VA,4620,2024-2025,2025-04-07,2025-04-11,2024-12-23,2025-01-03,2025-05-22,2024-08-12,2024-08-12,2025-05-22,schoolcalendarinfo.com:current,confirmed
5101800,Hampton City Schools,VA,19796,2024-2025,2025-04-07,2025-04-11,2024-12-23,2025-01-03,2025-06-11,2024-08-26,2024-08-26,2025-06-11,schoolcalendarinfo.com:current,confirmed
5102640,Newport News Public Schools,VA,26531,2024-2025,2025-04-07,2025-04-14,2024-12-23,2025-01-06,2025-06-10,2024-08-26,2024-08-26,2025-06-10,schoolcalendarinfo.com:current,confirmed
5102670,Norfolk Public Schools,VA,27306,2024-2025,2025-04-14,2025-04-18,2024-12-23,2025-01-03,2025-05-30,2024-08-19,2024-08-19,2025-05-30,schoolcalendarinfo.com:current,confirmed
5103130,Prince William County Public Schools,VA,91101,2024-2025,2025-04-14,2025-04-21,2024-12-23,2025-01-03,2025-06-12,2024-08-19,2024-08-19,2025-06-12,schoolcalendarinfo.com:current,confirmed
5103240,Richmond City Public Schools,VA,21130,2024-2025,2025-03-31,2025-04-04,2024-12-23,2025-01-03,2025-05-30,2024-08-19,2024-08-19,2025-05-30,schoolcalendarinfo.com:current,confirmed
5101950,Virginia Beach City Public Schools,VA,200,2024-2025,2025-04-14,2025-04-18,2024-12-23,2025-01-03,2025-06-13,2024-08-26,2024-08-26,2025-06-13,schoolcalendarinfo.com:current,confirmed
5003930,Fairfax County Public Schools,VT,1038,2024-2025,2025-04-14,2025-04-18,2024-12-23,2025-01-07,2025-06-11,2024-08-19,2024-08-19,2025-06-11,schoolcalendarinfo.com:current,confirmed
5300810,Camas School District,WA,7324,2024-2025,2025-03-31,2025-04-04,2024-12-23,2025-01-03,2025-06-18,2024-09-03,2024-09-03,2025-06-18,schoolcalendarinfo.com:current,confirmed
5301080,Central Kitsap School District,WA,11206,2024-2025,2025-04-07,2025-04-11,2024-12-23,2025-01-03,2025-06-17,2024-09-04,2024-09-04,2025-06-17,schoolcalendarinfo.com:current,confirmed
5400330,Cabell County Schools,WV,792,2024-2025,2025-03-24,2025-03-28,2024-12-23,2025-01-03,2025-05-23,2024-08-14,2024-08-14,2025-05-23,schoolcalendarinfo.com:current,confirmed
